<?xml version="1.0" encoding="UTF-8" standalone="yes"?>
<addon id="plugin.video.tugafilmes" name="Tuga Filmes" version="1.0.6" provider-name="Anonymous">
  <requires>
    <import addon="xbmc.python" version="2.1.0"/>
	<import addon="script.module.t0mm0.common"/>
  </requires>
  <extension point="xbmc.python.pluginsource" library="addon.py">
    <provides>video</provides>
  </extension>
  <extension point="xbmc.addon.metadata">
    <language>en</language>
    <platform>all</platform>
    <summary lang="en">Tuga Filmes</summary>
    <description lang="en">Addon para a visualizacao de filmes online</description>
    <platform>all</platform>
  </extension>
</addon>
