<?xml version="1.0" encoding="UTF-8" standalone="yes"?>
<addon id="Pirata" name="Pirata repository" version="0.0.2" provider-name="Pirata-Repository">
	<extension point="xbmc.addon.repository" name="Pirata Add-on Repository">
		<info compressed="false">http://raw.github.com/Pirata-Repository/Pirata/master/addons.xml</info>
		<checksum>http://raw.github.com/Pirata-Repository/Pirata/master/addons.xml.md5</checksum>
		<datadir zip="true">http://raw.github.com/Pirata-Repository/Pirata/master/repo/</datadir>
	</extension>
	<extension point="xbmc.addon.metadata">
		<summary>Pirata Addon</summary>
		<description>Addon Description</description>
		<disclaimer></disclaimer>
		<platform>all</platform>
	</extension>
</addon>